article_title,journal_name,author_names,corresponding_author_email,cell_type,condition,gene,n_cells,mean_log1p_expr,pct_expressed
Transcriptomic Prioritization of a Disulfidptosis-Like Transporter-Actin Stress Axis After Traumatic Brain Injury,Neurochemical Research,Chenxu Zhang and Mingyang Zhang,mingyangzhang@suda.edu.cn,Astrocyte,Control,SLC3A2,1385,0.2621382474899292,22.382671480144403
Transcriptomic Prioritization of a Disulfidptosis-Like Transporter-Actin Stress Axis After Traumatic Brain Injury,Neurochemical Research,Chenxu Zhang and Mingyang Zhang,mingyangzhang@suda.edu.cn,Astrocyte,Control,SLC7A11,1385,1.5634846687316897,70.32490974729242
Transcriptomic Prioritization of a Disulfidptosis-Like Transporter-Actin Stress Axis After Traumatic Brain Injury,Neurochemical Research,Chenxu Zhang and Mingyang Zhang,mingyangzhang@suda.edu.cn,Astrocyte,Control,WASF2,1385,0.5721347332000732,41.87725631768953
Transcriptomic Prioritization of a Disulfidptosis-Like Transporter-Actin Stress Axis After Traumatic Brain Injury,Neurochemical Research,Chenxu Zhang and Mingyang Zhang,mingyangzhang@suda.edu.cn,Astrocyte,Control,TLN1,1385,0.0744041875004768,7.003610108303249
Transcriptomic Prioritization of a Disulfidptosis-Like Transporter-Actin Stress Axis After Traumatic Brain Injury,Neurochemical Research,Chenxu Zhang and Mingyang Zhang,mingyangzhang@suda.edu.cn,Astrocyte,Control,ACTB,1385,0.1749707162380218,14.296028880866428
Transcriptomic Prioritization of a Disulfidptosis-Like Transporter-Actin Stress Axis After Traumatic Brain Injury,Neurochemical Research,Chenxu Zhang and Mingyang Zhang,mingyangzhang@suda.edu.cn,Astrocyte,Control,MYH9,1385,0.2976197898387909,23.32129963898917
Transcriptomic Prioritization of a Disulfidptosis-Like Transporter-Actin Stress Axis After Traumatic Brain Injury,Neurochemical Research,Chenxu Zhang and Mingyang Zhang,mingyangzhang@suda.edu.cn,Astrocyte,Control,MYL6,1385,0.0698962733149528,6.787003610108304
Transcriptomic Prioritization of a Disulfidptosis-Like Transporter-Actin Stress Axis After Traumatic Brain Injury,Neurochemical Research,Chenxu Zhang and Mingyang Zhang,mingyangzhang@suda.edu.cn,Astrocyte,Control,FLNA,1385,0.1765173226594925,15.234657039711191
Transcriptomic Prioritization of a Disulfidptosis-Like Transporter-Actin Stress Axis After Traumatic Brain Injury,Neurochemical Research,Chenxu Zhang and Mingyang Zhang,mingyangzhang@suda.edu.cn,Astrocyte,TBI,SLC3A2,674,0.3097825348377228,17.359050445103858
Transcriptomic Prioritization of a Disulfidptosis-Like Transporter-Actin Stress Axis After Traumatic Brain Injury,Neurochemical Research,Chenxu Zhang and Mingyang Zhang,mingyangzhang@suda.edu.cn,Astrocyte,TBI,SLC7A11,674,0.4415248930454254,23.293768545994062
Transcriptomic Prioritization of a Disulfidptosis-Like Transporter-Actin Stress Axis After Traumatic Brain Injury,Neurochemical Research,Chenxu Zhang and Mingyang Zhang,mingyangzhang@suda.edu.cn,Astrocyte,TBI,WASF2,674,0.5400596857070923,29.82195845697329
Transcriptomic Prioritization of a Disulfidptosis-Like Transporter-Actin Stress Axis After Traumatic Brain Injury,Neurochemical Research,Chenxu Zhang and Mingyang Zhang,mingyangzhang@suda.edu.cn,Astrocyte,TBI,TLN1,674,0.0813245475292205,5.637982195845697
Transcriptomic Prioritization of a Disulfidptosis-Like Transporter-Actin Stress Axis After Traumatic Brain Injury,Neurochemical Research,Chenxu Zhang and Mingyang Zhang,mingyangzhang@suda.edu.cn,Astrocyte,TBI,ACTB,674,0.3227168619632721,17.50741839762611
Transcriptomic Prioritization of a Disulfidptosis-Like Transporter-Actin Stress Axis After Traumatic Brain Injury,Neurochemical Research,Chenxu Zhang and Mingyang Zhang,mingyangzhang@suda.edu.cn,Astrocyte,TBI,MYH9,674,0.4639411866664886,24.03560830860534
Transcriptomic Prioritization of a Disulfidptosis-Like Transporter-Actin Stress Axis After Traumatic Brain Injury,Neurochemical Research,Chenxu Zhang and Mingyang Zhang,mingyangzhang@suda.edu.cn,Astrocyte,TBI,MYL6,674,0.2962053716182709,16.320474777448073
Transcriptomic Prioritization of a Disulfidptosis-Like Transporter-Actin Stress Axis After Traumatic Brain Injury,Neurochemical Research,Chenxu Zhang and Mingyang Zhang,mingyangzhang@suda.edu.cn,Astrocyte,TBI,FLNA,674,0.2796806395053863,16.023738872403563
Transcriptomic Prioritization of a Disulfidptosis-Like Transporter-Actin Stress Axis After Traumatic Brain Injury,Neurochemical Research,Chenxu Zhang and Mingyang Zhang,mingyangzhang@suda.edu.cn,Endothelial,Control,SLC3A2,41,0.2937247455120086,19.51219512195122
Transcriptomic Prioritization of a Disulfidptosis-Like Transporter-Actin Stress Axis After Traumatic Brain Injury,Neurochemical Research,Chenxu Zhang and Mingyang Zhang,mingyangzhang@suda.edu.cn,Endothelial,Control,SLC7A11,41,0.7429271340370178,36.58536585365854
Transcriptomic Prioritization of a Disulfidptosis-Like Transporter-Actin Stress Axis After Traumatic Brain Injury,Neurochemical Research,Chenxu Zhang and Mingyang Zhang,mingyangzhang@suda.edu.cn,Endothelial,Control,WASF2,41,0.7170603275299072,36.58536585365854
Transcriptomic Prioritization of a Disulfidptosis-Like Transporter-Actin Stress Axis After Traumatic Brain Injury,Neurochemical Research,Chenxu Zhang and Mingyang Zhang,mingyangzhang@suda.edu.cn,Endothelial,Control,TLN1,41,0.3435170650482178,21.951219512195124
Transcriptomic Prioritization of a Disulfidptosis-Like Transporter-Actin Stress Axis After Traumatic Brain Injury,Neurochemical Research,Chenxu Zhang and Mingyang Zhang,mingyangzhang@suda.edu.cn,Endothelial,Control,ACTB,41,0.9540362358093262,43.90243902439025
Transcriptomic Prioritization of a Disulfidptosis-Like Transporter-Actin Stress Axis After Traumatic Brain Injury,Neurochemical Research,Chenxu Zhang and Mingyang Zhang,mingyangzhang@suda.edu.cn,Endothelial,Control,MYH9,41,1.276051640510559,63.41463414634146
Transcriptomic Prioritization of a Disulfidptosis-Like Transporter-Actin Stress Axis After Traumatic Brain Injury,Neurochemical Research,Chenxu Zhang and Mingyang Zhang,mingyangzhang@suda.edu.cn,Endothelial,Control,MYL6,41,0.1471229344606399,12.195121951219512
Transcriptomic Prioritization of a Disulfidptosis-Like Transporter-Actin Stress Axis After Traumatic Brain Injury,Neurochemical Research,Chenxu Zhang and Mingyang Zhang,mingyangzhang@suda.edu.cn,Endothelial,Control,FLNA,41,0.3107796311378479,19.51219512195122
Transcriptomic Prioritization of a Disulfidptosis-Like Transporter-Actin Stress Axis After Traumatic Brain Injury,Neurochemical Research,Chenxu Zhang and Mingyang Zhang,mingyangzhang@suda.edu.cn,Endothelial,TBI,SLC3A2,26,0.2486840188503265,11.538461538461538
Transcriptomic Prioritization of a Disulfidptosis-Like Transporter-Actin Stress Axis After Traumatic Brain Injury,Neurochemical Research,Chenxu Zhang and Mingyang Zhang,mingyangzhang@suda.edu.cn,Endothelial,TBI,SLC7A11,26,0.5312076210975647,19.230769230769237
Transcriptomic Prioritization of a Disulfidptosis-Like Transporter-Actin Stress Axis After Traumatic Brain Injury,Neurochemical Research,Chenxu Zhang and Mingyang Zhang,mingyangzhang@suda.edu.cn,Endothelial,TBI,WASF2,26,0.6823426485061646,34.61538461538461
Transcriptomic Prioritization of a Disulfidptosis-Like Transporter-Actin Stress Axis After Traumatic Brain Injury,Neurochemical Research,Chenxu Zhang and Mingyang Zhang,mingyangzhang@suda.edu.cn,Endothelial,TBI,TLN1,26,0.2940475642681122,15.384615384615383
Transcriptomic Prioritization of a Disulfidptosis-Like Transporter-Actin Stress Axis After Traumatic Brain Injury,Neurochemical Research,Chenxu Zhang and Mingyang Zhang,mingyangzhang@suda.edu.cn,Endothelial,TBI,ACTB,26,0.5973175764083862,26.923076923076923
Transcriptomic Prioritization of a Disulfidptosis-Like Transporter-Actin Stress Axis After Traumatic Brain Injury,Neurochemical Research,Chenxu Zhang and Mingyang Zhang,mingyangzhang@suda.edu.cn,Endothelial,TBI,MYH9,26,1.0134745836257937,38.46153846153847
Transcriptomic Prioritization of a Disulfidptosis-Like Transporter-Actin Stress Axis After Traumatic Brain Injury,Neurochemical Research,Chenxu Zhang and Mingyang Zhang,mingyangzhang@suda.edu.cn,Endothelial,TBI,MYL6,26,0.3542266488075256,19.230769230769237
Transcriptomic Prioritization of a Disulfidptosis-Like Transporter-Actin Stress Axis After Traumatic Brain Injury,Neurochemical Research,Chenxu Zhang and Mingyang Zhang,mingyangzhang@suda.edu.cn,Endothelial,TBI,FLNA,26,0.2614101767539978,15.384615384615383
Transcriptomic Prioritization of a Disulfidptosis-Like Transporter-Actin Stress Axis After Traumatic Brain Injury,Neurochemical Research,Chenxu Zhang and Mingyang Zhang,mingyangzhang@suda.edu.cn,Immune,Control,SLC3A2,161,0.1015514805912971,5.590062111801243
Transcriptomic Prioritization of a Disulfidptosis-Like Transporter-Actin Stress Axis After Traumatic Brain Injury,Neurochemical Research,Chenxu Zhang and Mingyang Zhang,mingyangzhang@suda.edu.cn,Immune,Control,SLC7A11,161,0.0139618292450904,0.6211180124223602
Transcriptomic Prioritization of a Disulfidptosis-Like Transporter-Actin Stress Axis After Traumatic Brain Injury,Neurochemical Research,Chenxu Zhang and Mingyang Zhang,mingyangzhang@suda.edu.cn,Immune,Control,WASF2,161,0.3052248656749725,15.527950310559005
Transcriptomic Prioritization of a Disulfidptosis-Like Transporter-Actin Stress Axis After Traumatic Brain Injury,Neurochemical Research,Chenxu Zhang and Mingyang Zhang,mingyangzhang@suda.edu.cn,Immune,Control,TLN1,161,0.2578977048397064,13.043478260869565
Transcriptomic Prioritization of a Disulfidptosis-Like Transporter-Actin Stress Axis After Traumatic Brain Injury,Neurochemical Research,Chenxu Zhang and Mingyang Zhang,mingyangzhang@suda.edu.cn,Immune,Control,ACTB,161,0.2437373995780944,12.422360248447204
Transcriptomic Prioritization of a Disulfidptosis-Like Transporter-Actin Stress Axis After Traumatic Brain Injury,Neurochemical Research,Chenxu Zhang and Mingyang Zhang,mingyangzhang@suda.edu.cn,Immune,Control,MYH9,161,0.3223618566989898,14.906832298136646
Transcriptomic Prioritization of a Disulfidptosis-Like Transporter-Actin Stress Axis After Traumatic Brain Injury,Neurochemical Research,Chenxu Zhang and Mingyang Zhang,mingyangzhang@suda.edu.cn,Immune,Control,MYL6,161,0.0500744394958019,3.1055900621118013
Transcriptomic Prioritization of a Disulfidptosis-Like Transporter-Actin Stress Axis After Traumatic Brain Injury,Neurochemical Research,Chenxu Zhang and Mingyang Zhang,mingyangzhang@suda.edu.cn,Immune,Control,FLNA,161,0.0084509616717696,0.6211180124223602
Transcriptomic Prioritization of a Disulfidptosis-Like Transporter-Actin Stress Axis After Traumatic Brain Injury,Neurochemical Research,Chenxu Zhang and Mingyang Zhang,mingyangzhang@suda.edu.cn,Immune,TBI,SLC3A2,239,0.1321181505918502,5.439330543933055
Transcriptomic Prioritization of a Disulfidptosis-Like Transporter-Actin Stress Axis After Traumatic Brain Injury,Neurochemical Research,Chenxu Zhang and Mingyang Zhang,mingyangzhang@suda.edu.cn,Immune,TBI,SLC7A11,239,0.0,0.0
Transcriptomic Prioritization of a Disulfidptosis-Like Transporter-Actin Stress Axis After Traumatic Brain Injury,Neurochemical Research,Chenxu Zhang and Mingyang Zhang,mingyangzhang@suda.edu.cn,Immune,TBI,WASF2,239,0.5432332158088684,22.594142259414227
Transcriptomic Prioritization of a Disulfidptosis-Like Transporter-Actin Stress Axis After Traumatic Brain Injury,Neurochemical Research,Chenxu Zhang and Mingyang Zhang,mingyangzhang@suda.edu.cn,Immune,TBI,TLN1,239,0.1809546053409576,7.949790794979079
Transcriptomic Prioritization of a Disulfidptosis-Like Transporter-Actin Stress Axis After Traumatic Brain Injury,Neurochemical Research,Chenxu Zhang and Mingyang Zhang,mingyangzhang@suda.edu.cn,Immune,TBI,ACTB,239,0.5272909998893738,20.502092050209207
Transcriptomic Prioritization of a Disulfidptosis-Like Transporter-Actin Stress Axis After Traumatic Brain Injury,Neurochemical Research,Chenxu Zhang and Mingyang Zhang,mingyangzhang@suda.edu.cn,Immune,TBI,MYH9,239,0.564440906047821,23.430962343096237
Transcriptomic Prioritization of a Disulfidptosis-Like Transporter-Actin Stress Axis After Traumatic Brain Injury,Neurochemical Research,Chenxu Zhang and Mingyang Zhang,mingyangzhang@suda.edu.cn,Immune,TBI,MYL6,239,0.2031441181898117,7.949790794979079
Transcriptomic Prioritization of a Disulfidptosis-Like Transporter-Actin Stress Axis After Traumatic Brain Injury,Neurochemical Research,Chenxu Zhang and Mingyang Zhang,mingyangzhang@suda.edu.cn,Immune,TBI,FLNA,239,0.221375823020935,9.205020920502092
Transcriptomic Prioritization of a Disulfidptosis-Like Transporter-Actin Stress Axis After Traumatic Brain Injury,Neurochemical Research,Chenxu Zhang and Mingyang Zhang,mingyangzhang@suda.edu.cn,Microglia,Control,SLC3A2,216,0.062628835439682,6.018518518518518
Transcriptomic Prioritization of a Disulfidptosis-Like Transporter-Actin Stress Axis After Traumatic Brain Injury,Neurochemical Research,Chenxu Zhang and Mingyang Zhang,mingyangzhang@suda.edu.cn,Microglia,Control,SLC7A11,216,0.0,0.0
Transcriptomic Prioritization of a Disulfidptosis-Like Transporter-Actin Stress Axis After Traumatic Brain Injury,Neurochemical Research,Chenxu Zhang and Mingyang Zhang,mingyangzhang@suda.edu.cn,Microglia,Control,WASF2,216,0.8470638394355774,43.98148148148148
Transcriptomic Prioritization of a Disulfidptosis-Like Transporter-Actin Stress Axis After Traumatic Brain Injury,Neurochemical Research,Chenxu Zhang and Mingyang Zhang,mingyangzhang@suda.edu.cn,Microglia,Control,TLN1,216,0.2953868806362152,19.90740740740741
Transcriptomic Prioritization of a Disulfidptosis-Like Transporter-Actin Stress Axis After Traumatic Brain Injury,Neurochemical Research,Chenxu Zhang and Mingyang Zhang,mingyangzhang@suda.edu.cn,Microglia,Control,ACTB,216,0.4473915696144104,28.240740740740737
Transcriptomic Prioritization of a Disulfidptosis-Like Transporter-Actin Stress Axis After Traumatic Brain Injury,Neurochemical Research,Chenxu Zhang and Mingyang Zhang,mingyangzhang@suda.edu.cn,Microglia,Control,MYH9,216,0.3066584169864654,18.98148148148148
Transcriptomic Prioritization of a Disulfidptosis-Like Transporter-Actin Stress Axis After Traumatic Brain Injury,Neurochemical Research,Chenxu Zhang and Mingyang Zhang,mingyangzhang@suda.edu.cn,Microglia,Control,MYL6,216,0.0417959466576576,3.7037037037037033
Transcriptomic Prioritization of a Disulfidptosis-Like Transporter-Actin Stress Axis After Traumatic Brain Injury,Neurochemical Research,Chenxu Zhang and Mingyang Zhang,mingyangzhang@suda.edu.cn,Microglia,Control,FLNA,216,0.0163473822176456,0.9259259259259258
Transcriptomic Prioritization of a Disulfidptosis-Like Transporter-Actin Stress Axis After Traumatic Brain Injury,Neurochemical Research,Chenxu Zhang and Mingyang Zhang,mingyangzhang@suda.edu.cn,Microglia,TBI,SLC3A2,579,0.1406055241823196,9.153713298791018
Transcriptomic Prioritization of a Disulfidptosis-Like Transporter-Actin Stress Axis After Traumatic Brain Injury,Neurochemical Research,Chenxu Zhang and Mingyang Zhang,mingyangzhang@suda.edu.cn,Microglia,TBI,SLC7A11,579,0.010627344250679,0.5181347150259068
Transcriptomic Prioritization of a Disulfidptosis-Like Transporter-Actin Stress Axis After Traumatic Brain Injury,Neurochemical Research,Chenxu Zhang and Mingyang Zhang,mingyangzhang@suda.edu.cn,Microglia,TBI,WASF2,579,0.9745697379112244,48.877374784110536
Transcriptomic Prioritization of a Disulfidptosis-Like Transporter-Actin Stress Axis After Traumatic Brain Injury,Neurochemical Research,Chenxu Zhang and Mingyang Zhang,mingyangzhang@suda.edu.cn,Microglia,TBI,TLN1,579,0.341227263212204,20.379965457685664
Transcriptomic Prioritization of a Disulfidptosis-Like Transporter-Actin Stress Axis After Traumatic Brain Injury,Neurochemical Research,Chenxu Zhang and Mingyang Zhang,mingyangzhang@suda.edu.cn,Microglia,TBI,ACTB,579,0.9855436086654664,48.53195164075993
Transcriptomic Prioritization of a Disulfidptosis-Like Transporter-Actin Stress Axis After Traumatic Brain Injury,Neurochemical Research,Chenxu Zhang and Mingyang Zhang,mingyangzhang@suda.edu.cn,Microglia,TBI,MYH9,579,0.733686089515686,39.20552677029361
Transcriptomic Prioritization of a Disulfidptosis-Like Transporter-Actin Stress Axis After Traumatic Brain Injury,Neurochemical Research,Chenxu Zhang and Mingyang Zhang,mingyangzhang@suda.edu.cn,Microglia,TBI,MYL6,579,0.1571955382823944,9.499136442141625
Transcriptomic Prioritization of a Disulfidptosis-Like Transporter-Actin Stress Axis After Traumatic Brain Injury,Neurochemical Research,Chenxu Zhang and Mingyang Zhang,mingyangzhang@suda.edu.cn,Microglia,TBI,FLNA,579,0.0278431102633476,1.7271157167530224
Transcriptomic Prioritization of a Disulfidptosis-Like Transporter-Actin Stress Axis After Traumatic Brain Injury,Neurochemical Research,Chenxu Zhang and Mingyang Zhang,mingyangzhang@suda.edu.cn,Neuron,Control,SLC3A2,5001,0.126787319779396,23.875224955009
Transcriptomic Prioritization of a Disulfidptosis-Like Transporter-Actin Stress Axis After Traumatic Brain Injury,Neurochemical Research,Chenxu Zhang and Mingyang Zhang,mingyangzhang@suda.edu.cn,Neuron,Control,SLC7A11,5001,0.0304418187588453,4.399120175964807
Transcriptomic Prioritization of a Disulfidptosis-Like Transporter-Actin Stress Axis After Traumatic Brain Injury,Neurochemical Research,Chenxu Zhang and Mingyang Zhang,mingyangzhang@suda.edu.cn,Neuron,Control,WASF2,5001,0.1849399358034134,31.733653269346128
Transcriptomic Prioritization of a Disulfidptosis-Like Transporter-Actin Stress Axis After Traumatic Brain Injury,Neurochemical Research,Chenxu Zhang and Mingyang Zhang,mingyangzhang@suda.edu.cn,Neuron,Control,TLN1,5001,0.0661508664488792,14.297140571885622
Transcriptomic Prioritization of a Disulfidptosis-Like Transporter-Actin Stress Axis After Traumatic Brain Injury,Neurochemical Research,Chenxu Zhang and Mingyang Zhang,mingyangzhang@suda.edu.cn,Neuron,Control,ACTB,5001,0.2429026663303375,37.43251349730054
Transcriptomic Prioritization of a Disulfidptosis-Like Transporter-Actin Stress Axis After Traumatic Brain Injury,Neurochemical Research,Chenxu Zhang and Mingyang Zhang,mingyangzhang@suda.edu.cn,Neuron,Control,MYH9,5001,0.2438161820173263,37.35252949410118
Transcriptomic Prioritization of a Disulfidptosis-Like Transporter-Actin Stress Axis After Traumatic Brain Injury,Neurochemical Research,Chenxu Zhang and Mingyang Zhang,mingyangzhang@suda.edu.cn,Neuron,Control,MYL6,5001,0.0450200103223323,10.137972405518896
Transcriptomic Prioritization of a Disulfidptosis-Like Transporter-Actin Stress Axis After Traumatic Brain Injury,Neurochemical Research,Chenxu Zhang and Mingyang Zhang,mingyangzhang@suda.edu.cn,Neuron,Control,FLNA,5001,0.0489681959152221,10.817836432713456
Transcriptomic Prioritization of a Disulfidptosis-Like Transporter-Actin Stress Axis After Traumatic Brain Injury,Neurochemical Research,Chenxu Zhang and Mingyang Zhang,mingyangzhang@suda.edu.cn,Neuron,TBI,SLC3A2,5106,0.1718022674322128,17.90050920485703
Transcriptomic Prioritization of a Disulfidptosis-Like Transporter-Actin Stress Axis After Traumatic Brain Injury,Neurochemical Research,Chenxu Zhang and Mingyang Zhang,mingyangzhang@suda.edu.cn,Neuron,TBI,SLC7A11,5106,0.0256264545023441,2.54602428515472
Transcriptomic Prioritization of a Disulfidptosis-Like Transporter-Actin Stress Axis After Traumatic Brain Injury,Neurochemical Research,Chenxu Zhang and Mingyang Zhang,mingyangzhang@suda.edu.cn,Neuron,TBI,WASF2,5106,0.1998727470636367,20.15276145710928
Transcriptomic Prioritization of a Disulfidptosis-Like Transporter-Actin Stress Axis After Traumatic Brain Injury,Neurochemical Research,Chenxu Zhang and Mingyang Zhang,mingyangzhang@suda.edu.cn,Neuron,TBI,TLN1,5106,0.0840993225574493,9.45945945945946
Transcriptomic Prioritization of a Disulfidptosis-Like Transporter-Actin Stress Axis After Traumatic Brain Injury,Neurochemical Research,Chenxu Zhang and Mingyang Zhang,mingyangzhang@suda.edu.cn,Neuron,TBI,ACTB,5106,0.2665545642375946,23.129651390520955
Transcriptomic Prioritization of a Disulfidptosis-Like Transporter-Actin Stress Axis After Traumatic Brain Injury,Neurochemical Research,Chenxu Zhang and Mingyang Zhang,mingyangzhang@suda.edu.cn,Neuron,TBI,MYH9,5106,0.4378059208393097,30.395613004308657
Transcriptomic Prioritization of a Disulfidptosis-Like Transporter-Actin Stress Axis After Traumatic Brain Injury,Neurochemical Research,Chenxu Zhang and Mingyang Zhang,mingyangzhang@suda.edu.cn,Neuron,TBI,MYL6,5106,0.1268361210823059,12.220916568742656
Transcriptomic Prioritization of a Disulfidptosis-Like Transporter-Actin Stress Axis After Traumatic Brain Injury,Neurochemical Research,Chenxu Zhang and Mingyang Zhang,mingyangzhang@suda.edu.cn,Neuron,TBI,FLNA,5106,0.1736407130956649,16.45123384253819
Transcriptomic Prioritization of a Disulfidptosis-Like Transporter-Actin Stress Axis After Traumatic Brain Injury,Neurochemical Research,Chenxu Zhang and Mingyang Zhang,mingyangzhang@suda.edu.cn,OPC,Control,SLC3A2,781,0.0820098742842674,6.658130601792574
Transcriptomic Prioritization of a Disulfidptosis-Like Transporter-Actin Stress Axis After Traumatic Brain Injury,Neurochemical Research,Chenxu Zhang and Mingyang Zhang,mingyangzhang@suda.edu.cn,OPC,Control,SLC7A11,781,0.0423038899898529,3.4571062740076828
Transcriptomic Prioritization of a Disulfidptosis-Like Transporter-Actin Stress Axis After Traumatic Brain Injury,Neurochemical Research,Chenxu Zhang and Mingyang Zhang,mingyangzhang@suda.edu.cn,OPC,Control,WASF2,781,0.2229212522506714,16.901408450704224
Transcriptomic Prioritization of a Disulfidptosis-Like Transporter-Actin Stress Axis After Traumatic Brain Injury,Neurochemical Research,Chenxu Zhang and Mingyang Zhang,mingyangzhang@suda.edu.cn,OPC,Control,TLN1,781,0.0465204529464244,3.969270166453265
Transcriptomic Prioritization of a Disulfidptosis-Like Transporter-Actin Stress Axis After Traumatic Brain Injury,Neurochemical Research,Chenxu Zhang and Mingyang Zhang,mingyangzhang@suda.edu.cn,OPC,Control,ACTB,781,0.2150358855724334,15.87708066581306
Transcriptomic Prioritization of a Disulfidptosis-Like Transporter-Actin Stress Axis After Traumatic Brain Injury,Neurochemical Research,Chenxu Zhang and Mingyang Zhang,mingyangzhang@suda.edu.cn,OPC,Control,MYH9,781,0.0605243109166622,4.865556978233035
Transcriptomic Prioritization of a Disulfidptosis-Like Transporter-Actin Stress Axis After Traumatic Brain Injury,Neurochemical Research,Chenxu Zhang and Mingyang Zhang,mingyangzhang@suda.edu.cn,OPC,Control,MYL6,781,0.0708625614643096,6.017925736235595
Transcriptomic Prioritization of a Disulfidptosis-Like Transporter-Actin Stress Axis After Traumatic Brain Injury,Neurochemical Research,Chenxu Zhang and Mingyang Zhang,mingyangzhang@suda.edu.cn,OPC,Control,FLNA,781,0.0278172027319669,2.8169014084507045
Transcriptomic Prioritization of a Disulfidptosis-Like Transporter-Actin Stress Axis After Traumatic Brain Injury,Neurochemical Research,Chenxu Zhang and Mingyang Zhang,mingyangzhang@suda.edu.cn,OPC,TBI,SLC3A2,700,0.1855584979057312,11.428571428571429
Transcriptomic Prioritization of a Disulfidptosis-Like Transporter-Actin Stress Axis After Traumatic Brain Injury,Neurochemical Research,Chenxu Zhang and Mingyang Zhang,mingyangzhang@suda.edu.cn,OPC,TBI,SLC7A11,700,0.0225576218217611,1.4285714285714286
Transcriptomic Prioritization of a Disulfidptosis-Like Transporter-Actin Stress Axis After Traumatic Brain Injury,Neurochemical Research,Chenxu Zhang and Mingyang Zhang,mingyangzhang@suda.edu.cn,OPC,TBI,WASF2,700,0.2946798801422119,18.285714285714285
Transcriptomic Prioritization of a Disulfidptosis-Like Transporter-Actin Stress Axis After Traumatic Brain Injury,Neurochemical Research,Chenxu Zhang and Mingyang Zhang,mingyangzhang@suda.edu.cn,OPC,TBI,TLN1,700,0.0807375833392143,5.571428571428571
Transcriptomic Prioritization of a Disulfidptosis-Like Transporter-Actin Stress Axis After Traumatic Brain Injury,Neurochemical Research,Chenxu Zhang and Mingyang Zhang,mingyangzhang@suda.edu.cn,OPC,TBI,ACTB,700,0.3434127271175384,20.0
Transcriptomic Prioritization of a Disulfidptosis-Like Transporter-Actin Stress Axis After Traumatic Brain Injury,Neurochemical Research,Chenxu Zhang and Mingyang Zhang,mingyangzhang@suda.edu.cn,OPC,TBI,MYH9,700,0.1609757840633392,10.428571428571429
Transcriptomic Prioritization of a Disulfidptosis-Like Transporter-Actin Stress Axis After Traumatic Brain Injury,Neurochemical Research,Chenxu Zhang and Mingyang Zhang,mingyangzhang@suda.edu.cn,OPC,TBI,MYL6,700,0.1237167119979858,8.571428571428571
Transcriptomic Prioritization of a Disulfidptosis-Like Transporter-Actin Stress Axis After Traumatic Brain Injury,Neurochemical Research,Chenxu Zhang and Mingyang Zhang,mingyangzhang@suda.edu.cn,OPC,TBI,FLNA,700,0.235447347164154,15.428571428571429
Transcriptomic Prioritization of a Disulfidptosis-Like Transporter-Actin Stress Axis After Traumatic Brain Injury,Neurochemical Research,Chenxu Zhang and Mingyang Zhang,mingyangzhang@suda.edu.cn,Oligodendrocyte,Control,SLC3A2,1140,0.042357113212347,3.421052631578948
Transcriptomic Prioritization of a Disulfidptosis-Like Transporter-Actin Stress Axis After Traumatic Brain Injury,Neurochemical Research,Chenxu Zhang and Mingyang Zhang,mingyangzhang@suda.edu.cn,Oligodendrocyte,Control,SLC7A11,1140,0.0183793324977159,1.6666666666666667
Transcriptomic Prioritization of a Disulfidptosis-Like Transporter-Actin Stress Axis After Traumatic Brain Injury,Neurochemical Research,Chenxu Zhang and Mingyang Zhang,mingyangzhang@suda.edu.cn,Oligodendrocyte,Control,WASF2,1140,0.4061354398727417,27.368421052631582
Transcriptomic Prioritization of a Disulfidptosis-Like Transporter-Actin Stress Axis After Traumatic Brain Injury,Neurochemical Research,Chenxu Zhang and Mingyang Zhang,mingyangzhang@suda.edu.cn,Oligodendrocyte,Control,TLN1,1140,0.0731826052069664,6.403508771929825
Transcriptomic Prioritization of a Disulfidptosis-Like Transporter-Actin Stress Axis After Traumatic Brain Injury,Neurochemical Research,Chenxu Zhang and Mingyang Zhang,mingyangzhang@suda.edu.cn,Oligodendrocyte,Control,ACTB,1140,0.3067462146282196,20.701754385964914
Transcriptomic Prioritization of a Disulfidptosis-Like Transporter-Actin Stress Axis After Traumatic Brain Injury,Neurochemical Research,Chenxu Zhang and Mingyang Zhang,mingyangzhang@suda.edu.cn,Oligodendrocyte,Control,MYH9,1140,0.1442006975412368,10.263157894736842
Transcriptomic Prioritization of a Disulfidptosis-Like Transporter-Actin Stress Axis After Traumatic Brain Injury,Neurochemical Research,Chenxu Zhang and Mingyang Zhang,mingyangzhang@suda.edu.cn,Oligodendrocyte,Control,MYL6,1140,0.0658176764845848,5.350877192982456
Transcriptomic Prioritization of a Disulfidptosis-Like Transporter-Actin Stress Axis After Traumatic Brain Injury,Neurochemical Research,Chenxu Zhang and Mingyang Zhang,mingyangzhang@suda.edu.cn,Oligodendrocyte,Control,FLNA,1140,0.0227727647870779,1.9298245614035088
Transcriptomic Prioritization of a Disulfidptosis-Like Transporter-Actin Stress Axis After Traumatic Brain Injury,Neurochemical Research,Chenxu Zhang and Mingyang Zhang,mingyangzhang@suda.edu.cn,Oligodendrocyte,TBI,SLC3A2,3578,0.0777504593133926,4.2761319172722185
Transcriptomic Prioritization of a Disulfidptosis-Like Transporter-Actin Stress Axis After Traumatic Brain Injury,Neurochemical Research,Chenxu Zhang and Mingyang Zhang,mingyangzhang@suda.edu.cn,Oligodendrocyte,TBI,SLC7A11,3578,0.0104859266430139,0.5589714924538848
Transcriptomic Prioritization of a Disulfidptosis-Like Transporter-Actin Stress Axis After Traumatic Brain Injury,Neurochemical Research,Chenxu Zhang and Mingyang Zhang,mingyangzhang@suda.edu.cn,Oligodendrocyte,TBI,WASF2,3578,0.486691415309906,24.706539966461712
Transcriptomic Prioritization of a Disulfidptosis-Like Transporter-Actin Stress Axis After Traumatic Brain Injury,Neurochemical Research,Chenxu Zhang and Mingyang Zhang,mingyangzhang@suda.edu.cn,Oligodendrocyte,TBI,TLN1,3578,0.0786705315113067,4.2761319172722185
Transcriptomic Prioritization of a Disulfidptosis-Like Transporter-Actin Stress Axis After Traumatic Brain Injury,Neurochemical Research,Chenxu Zhang and Mingyang Zhang,mingyangzhang@suda.edu.cn,Oligodendrocyte,TBI,ACTB,3578,0.3594472706317901,17.13247624371157
Transcriptomic Prioritization of a Disulfidptosis-Like Transporter-Actin Stress Axis After Traumatic Brain Injury,Neurochemical Research,Chenxu Zhang and Mingyang Zhang,mingyangzhang@suda.edu.cn,Oligodendrocyte,TBI,MYH9,3578,0.2445848882198333,13.191727221911684
Transcriptomic Prioritization of a Disulfidptosis-Like Transporter-Actin Stress Axis After Traumatic Brain Injury,Neurochemical Research,Chenxu Zhang and Mingyang Zhang,mingyangzhang@suda.edu.cn,Oligodendrocyte,TBI,MYL6,3578,0.1311529576778412,7.098937954164337
Transcriptomic Prioritization of a Disulfidptosis-Like Transporter-Actin Stress Axis After Traumatic Brain Injury,Neurochemical Research,Chenxu Zhang and Mingyang Zhang,mingyangzhang@suda.edu.cn,Oligodendrocyte,TBI,FLNA,3578,0.0832530483603477,4.387926215762996
