article_title,journal_name,author_names,corresponding_author_email,comparison,gene_symbol,logFC,mean_case,mean_control,p_value,n_case,n_control,FDR,dataset,species,axis,brain_region,time_after_TBI,severity,platform,gene_set,source_note,significant_nominal_0_05,significant_FDR_0_05,stage_correlation,n_samples,effect,comparison_short
Transcriptomic Prioritization of a Disulfidptosis-Like Transporter-Actin Stress Axis After Traumatic Brain Injury,Neurochemical Research,Chenxu Zhang and Mingyang Zhang,mingyangzhang@suda.edu.cn,GSE104687_human_brain_FWM_TBI_vs_Control,MYL6,0.032845830560598,3.0175542431944664,2.9847084126338683,0.0745531532643799,21.0,26.0,0.9019561876825009,GSE104687,human,brain_region,FWM,remote/chronic history,history of TBI with LOC,,双硫死亡_肌动蛋白骨架靶蛋白,来自同文：葡萄糖饥饿下 SLC7A11-high 细胞的二硫键化肌动蛋白骨架蛋白。,False,False,,,0.032845830560598,104687 FWM
Transcriptomic Prioritization of a Disulfidptosis-Like Transporter-Actin Stress Axis After Traumatic Brain Injury,Neurochemical Research,Chenxu Zhang and Mingyang Zhang,mingyangzhang@suda.edu.cn,GSE104687_human_brain_FWM_TBI_vs_Control,ACTB,0.0148571864720734,3.304935713702839,3.290078527230765,0.2098734946964443,21.0,26.0,0.9019561876825009,GSE104687,human,brain_region,FWM,remote/chronic history,history of TBI with LOC,,双硫死亡_肌动蛋白骨架靶蛋白,来自同文：葡萄糖饥饿下 SLC7A11-high 细胞的二硫键化肌动蛋白骨架蛋白。,False,False,,,0.0148571864720734,104687 FWM
Transcriptomic Prioritization of a Disulfidptosis-Like Transporter-Actin Stress Axis After Traumatic Brain Injury,Neurochemical Research,Chenxu Zhang and Mingyang Zhang,mingyangzhang@suda.edu.cn,GSE104687_human_brain_FWM_TBI_vs_Control,MYH9,0.0211260730501585,2.510438818506033,2.4893127454558743,0.3206718899071015,21.0,26.0,0.9019561876825009,GSE104687,human,brain_region,FWM,remote/chronic history,history of TBI with LOC,,双硫死亡_肌动蛋白骨架靶蛋白,来自同文：葡萄糖饥饿下 SLC7A11-high 细胞的二硫键化肌动蛋白骨架蛋白。,False,False,,,0.0211260730501585,104687 FWM
Transcriptomic Prioritization of a Disulfidptosis-Like Transporter-Actin Stress Axis After Traumatic Brain Injury,Neurochemical Research,Chenxu Zhang and Mingyang Zhang,mingyangzhang@suda.edu.cn,GSE104687_human_brain_FWM_TBI_vs_Control,WASF2,0.0373157344582883,2.3360437487973336,2.298728014339045,0.3390711672492237,21.0,26.0,0.9019984705612288,GSE104687,human,brain_region,FWM,remote/chronic history,history of TBI with LOC,,双硫死亡_核心转运与应激,来自用户提供的 2023 Nature Cell Biology 双硫死亡文章：SLC7A11/SLC3A2/RPN1/NCKAP1 为 CRISPR suppressor hits，Rac-WRC 轴促进双硫死亡。,False,False,,,0.0373157344582883,104687 FWM
Transcriptomic Prioritization of a Disulfidptosis-Like Transporter-Actin Stress Axis After Traumatic Brain Injury,Neurochemical Research,Chenxu Zhang and Mingyang Zhang,mingyangzhang@suda.edu.cn,GSE104687_human_brain_FWM_TBI_vs_Control,TLN1,0.0249898067240867,2.480307758463532,2.455317951739445,0.4170738765590827,21.0,26.0,0.9031097957596678,GSE104687,human,brain_region,FWM,remote/chronic history,history of TBI with LOC,,双硫死亡_肌动蛋白骨架靶蛋白,来自同文：葡萄糖饥饿下 SLC7A11-high 细胞的二硫键化肌动蛋白骨架蛋白。,False,False,,,0.0249898067240867,104687 FWM
Transcriptomic Prioritization of a Disulfidptosis-Like Transporter-Actin Stress Axis After Traumatic Brain Injury,Neurochemical Research,Chenxu Zhang and Mingyang Zhang,mingyangzhang@suda.edu.cn,GSE104687_human_brain_FWM_TBI_vs_Control,SLC7A11,0.0051405503430337,2.372613116929758,2.3674725665867244,0.8656792744409865,21.0,26.0,0.9713387713442804,GSE104687,human,brain_region,FWM,remote/chronic history,history of TBI with LOC,,双硫死亡_核心转运与应激,来自用户提供的 2023 Nature Cell Biology 双硫死亡文章：SLC7A11/SLC3A2/RPN1/NCKAP1 为 CRISPR suppressor hits，Rac-WRC 轴促进双硫死亡。,False,False,,,0.0051405503430337,104687 FWM
Transcriptomic Prioritization of a Disulfidptosis-Like Transporter-Actin Stress Axis After Traumatic Brain Injury,Neurochemical Research,Chenxu Zhang and Mingyang Zhang,mingyangzhang@suda.edu.cn,GSE104687_human_brain_FWM_TBI_vs_Control,FLNA,0.0063539233248346,2.3150543236464425,2.308700400321608,0.9018818111284,21.0,26.0,0.9792816175286512,GSE104687,human,brain_region,FWM,remote/chronic history,history of TBI with LOC,,双硫死亡_肌动蛋白骨架靶蛋白,来自同文：葡萄糖饥饿下 SLC7A11-high 细胞的二硫键化肌动蛋白骨架蛋白。,False,False,,,0.0063539233248346,104687 FWM
Transcriptomic Prioritization of a Disulfidptosis-Like Transporter-Actin Stress Axis After Traumatic Brain Injury,Neurochemical Research,Chenxu Zhang and Mingyang Zhang,mingyangzhang@suda.edu.cn,GSE104687_human_brain_FWM_TBI_vs_Control,SLC3A2,-0.0016008620757554,2.486364343948172,2.487965206023928,0.9562498892025688,21.0,26.0,0.9902755973682896,GSE104687,human,brain_region,FWM,remote/chronic history,history of TBI with LOC,,双硫死亡_核心转运与应激,来自用户提供的 2023 Nature Cell Biology 双硫死亡文章：SLC7A11/SLC3A2/RPN1/NCKAP1 为 CRISPR suppressor hits，Rac-WRC 轴促进双硫死亡。,False,False,,,-0.0016008620757554,104687 FWM
Transcriptomic Prioritization of a Disulfidptosis-Like Transporter-Actin Stress Axis After Traumatic Brain Injury,Neurochemical Research,Chenxu Zhang and Mingyang Zhang,mingyangzhang@suda.edu.cn,GSE104687_human_brain_HIP_TBI_vs_Control,ACTB,0.0206360225946675,3.3592505911096064,3.338614568514939,0.0419320483598472,21.0,26.0,0.8425365071986584,GSE104687,human,brain_region,HIP,remote/chronic history,history of TBI with LOC,,双硫死亡_肌动蛋白骨架靶蛋白,来自同文：葡萄糖饥饿下 SLC7A11-high 细胞的二硫键化肌动蛋白骨架蛋白。,True,False,,,0.0206360225946675,104687 HIP
Transcriptomic Prioritization of a Disulfidptosis-Like Transporter-Actin Stress Axis After Traumatic Brain Injury,Neurochemical Research,Chenxu Zhang and Mingyang Zhang,mingyangzhang@suda.edu.cn,GSE104687_human_brain_HIP_TBI_vs_Control,MYL6,0.0214888971719888,2.999907762850909,2.97841886567892,0.08775130234759,21.0,26.0,0.8496063364667226,GSE104687,human,brain_region,HIP,remote/chronic history,history of TBI with LOC,,双硫死亡_肌动蛋白骨架靶蛋白,来自同文：葡萄糖饥饿下 SLC7A11-high 细胞的二硫键化肌动蛋白骨架蛋白。,False,False,,,0.0214888971719888,104687 HIP
Transcriptomic Prioritization of a Disulfidptosis-Like Transporter-Actin Stress Axis After Traumatic Brain Injury,Neurochemical Research,Chenxu Zhang and Mingyang Zhang,mingyangzhang@suda.edu.cn,GSE104687_human_brain_HIP_TBI_vs_Control,MYH9,0.0174072574304271,2.581180697261334,2.5637734398309067,0.3041443174642174,21.0,26.0,0.9108922951083008,GSE104687,human,brain_region,HIP,remote/chronic history,history of TBI with LOC,,双硫死亡_肌动蛋白骨架靶蛋白,来自同文：葡萄糖饥饿下 SLC7A11-high 细胞的二硫键化肌动蛋白骨架蛋白。,False,False,,,0.0174072574304271,104687 HIP
Transcriptomic Prioritization of a Disulfidptosis-Like Transporter-Actin Stress Axis After Traumatic Brain Injury,Neurochemical Research,Chenxu Zhang and Mingyang Zhang,mingyangzhang@suda.edu.cn,GSE104687_human_brain_HIP_TBI_vs_Control,TLN1,0.0127869423229736,2.4302539199419804,2.4174669776190068,0.4600820313058195,21.0,26.0,0.937950381910331,GSE104687,human,brain_region,HIP,remote/chronic history,history of TBI with LOC,,双硫死亡_肌动蛋白骨架靶蛋白,来自同文：葡萄糖饥饿下 SLC7A11-high 细胞的二硫键化肌动蛋白骨架蛋白。,False,False,,,0.0127869423229736,104687 HIP
Transcriptomic Prioritization of a Disulfidptosis-Like Transporter-Actin Stress Axis After Traumatic Brain Injury,Neurochemical Research,Chenxu Zhang and Mingyang Zhang,mingyangzhang@suda.edu.cn,GSE104687_human_brain_HIP_TBI_vs_Control,WASF2,0.0101776526371937,2.2614146628252283,2.2512370101880346,0.604229772761578,21.0,26.0,0.9680649103892708,GSE104687,human,brain_region,HIP,remote/chronic history,history of TBI with LOC,,双硫死亡_核心转运与应激,来自用户提供的 2023 Nature Cell Biology 双硫死亡文章：SLC7A11/SLC3A2/RPN1/NCKAP1 为 CRISPR suppressor hits，Rac-WRC 轴促进双硫死亡。,False,False,,,0.0101776526371937,104687 HIP
Transcriptomic Prioritization of a Disulfidptosis-Like Transporter-Actin Stress Axis After Traumatic Brain Injury,Neurochemical Research,Chenxu Zhang and Mingyang Zhang,mingyangzhang@suda.edu.cn,GSE104687_human_brain_HIP_TBI_vs_Control,FLNA,0.0162963177088326,2.3456154298473666,2.329319112138534,0.6846513929399848,21.0,26.0,0.983872416541678,GSE104687,human,brain_region,HIP,remote/chronic history,history of TBI with LOC,,双硫死亡_肌动蛋白骨架靶蛋白,来自同文：葡萄糖饥饿下 SLC7A11-high 细胞的二硫键化肌动蛋白骨架蛋白。,False,False,,,0.0162963177088326,104687 HIP
Transcriptomic Prioritization of a Disulfidptosis-Like Transporter-Actin Stress Axis After Traumatic Brain Injury,Neurochemical Research,Chenxu Zhang and Mingyang Zhang,mingyangzhang@suda.edu.cn,GSE104687_human_brain_HIP_TBI_vs_Control,SLC7A11,-0.0056567708548564,2.4952370550749823,2.5008938259298388,0.852734087244386,21.0,26.0,0.9925016627902928,GSE104687,human,brain_region,HIP,remote/chronic history,history of TBI with LOC,,双硫死亡_核心转运与应激,来自用户提供的 2023 Nature Cell Biology 双硫死亡文章：SLC7A11/SLC3A2/RPN1/NCKAP1 为 CRISPR suppressor hits，Rac-WRC 轴促进双硫死亡。,False,False,,,-0.0056567708548564,104687 HIP
Transcriptomic Prioritization of a Disulfidptosis-Like Transporter-Actin Stress Axis After Traumatic Brain Injury,Neurochemical Research,Chenxu Zhang and Mingyang Zhang,mingyangzhang@suda.edu.cn,GSE104687_human_brain_HIP_TBI_vs_Control,SLC3A2,0.0012272043176206,2.5343859795002808,2.53315877518266,0.957967593617746,21.0,26.0,0.995935232467562,GSE104687,human,brain_region,HIP,remote/chronic history,history of TBI with LOC,,双硫死亡_核心转运与应激,来自用户提供的 2023 Nature Cell Biology 双硫死亡文章：SLC7A11/SLC3A2/RPN1/NCKAP1 为 CRISPR suppressor hits，Rac-WRC 轴促进双硫死亡。,False,False,,,0.0012272043176206,104687 HIP
Transcriptomic Prioritization of a Disulfidptosis-Like Transporter-Actin Stress Axis After Traumatic Brain Injury,Neurochemical Research,Chenxu Zhang and Mingyang Zhang,mingyangzhang@suda.edu.cn,GSE104687_human_brain_PCx_TBI_vs_Control,ACTB,0.0209414803944465,3.306251105149913,3.2853096247554663,0.0284836406463512,21.0,25.0,0.7761373480056598,GSE104687,human,brain_region,PCx,remote/chronic history,history of TBI with LOC,,双硫死亡_肌动蛋白骨架靶蛋白,来自同文：葡萄糖饥饿下 SLC7A11-high 细胞的二硫键化肌动蛋白骨架蛋白。,True,False,,,0.0209414803944465,104687 PCx
Transcriptomic Prioritization of a Disulfidptosis-Like Transporter-Actin Stress Axis After Traumatic Brain Injury,Neurochemical Research,Chenxu Zhang and Mingyang Zhang,mingyangzhang@suda.edu.cn,GSE104687_human_brain_PCx_TBI_vs_Control,MYL6,0.0278739808180339,2.9711317892038656,2.943257808385832,0.0675438049686128,21.0,25.0,0.8016276366245949,GSE104687,human,brain_region,PCx,remote/chronic history,history of TBI with LOC,,双硫死亡_肌动蛋白骨架靶蛋白,来自同文：葡萄糖饥饿下 SLC7A11-high 细胞的二硫键化肌动蛋白骨架蛋白。,False,False,,,0.0278739808180339,104687 PCx
Transcriptomic Prioritization of a Disulfidptosis-Like Transporter-Actin Stress Axis After Traumatic Brain Injury,Neurochemical Research,Chenxu Zhang and Mingyang Zhang,mingyangzhang@suda.edu.cn,GSE104687_human_brain_PCx_TBI_vs_Control,SLC7A11,-0.0212435281438621,2.366848160204139,2.388091688348001,0.4835273844686825,21.0,25.0,0.9338747242601008,GSE104687,human,brain_region,PCx,remote/chronic history,history of TBI with LOC,,双硫死亡_核心转运与应激,来自用户提供的 2023 Nature Cell Biology 双硫死亡文章：SLC7A11/SLC3A2/RPN1/NCKAP1 为 CRISPR suppressor hits，Rac-WRC 轴促进双硫死亡。,False,False,,,-0.0212435281438621,104687 PCx
Transcriptomic Prioritization of a Disulfidptosis-Like Transporter-Actin Stress Axis After Traumatic Brain Injury,Neurochemical Research,Chenxu Zhang and Mingyang Zhang,mingyangzhang@suda.edu.cn,GSE104687_human_brain_PCx_TBI_vs_Control,TLN1,-0.0087433706706399,2.306276131758334,2.315019502428974,0.6561694749977636,21.0,25.0,0.9629958353634736,GSE104687,human,brain_region,PCx,remote/chronic history,history of TBI with LOC,,双硫死亡_肌动蛋白骨架靶蛋白,来自同文：葡萄糖饥饿下 SLC7A11-high 细胞的二硫键化肌动蛋白骨架蛋白。,False,False,,,-0.0087433706706399,104687 PCx
Transcriptomic Prioritization of a Disulfidptosis-Like Transporter-Actin Stress Axis After Traumatic Brain Injury,Neurochemical Research,Chenxu Zhang and Mingyang Zhang,mingyangzhang@suda.edu.cn,GSE104687_human_brain_PCx_TBI_vs_Control,MYH9,0.0053764042730781,2.4685421674798214,2.463165763206743,0.7390906994385532,21.0,25.0,0.9719485838320702,GSE104687,human,brain_region,PCx,remote/chronic history,history of TBI with LOC,,双硫死亡_肌动蛋白骨架靶蛋白,来自同文：葡萄糖饥饿下 SLC7A11-high 细胞的二硫键化肌动蛋白骨架蛋白。,False,False,,,0.0053764042730781,104687 PCx
Transcriptomic Prioritization of a Disulfidptosis-Like Transporter-Actin Stress Axis After Traumatic Brain Injury,Neurochemical Research,Chenxu Zhang and Mingyang Zhang,mingyangzhang@suda.edu.cn,GSE104687_human_brain_PCx_TBI_vs_Control,WASF2,0.0109028755502427,2.120690097940104,2.1097872223898606,0.8153790571559141,21.0,25.0,0.9831611889817594,GSE104687,human,brain_region,PCx,remote/chronic history,history of TBI with LOC,,双硫死亡_核心转运与应激,来自用户提供的 2023 Nature Cell Biology 双硫死亡文章：SLC7A11/SLC3A2/RPN1/NCKAP1 为 CRISPR suppressor hits，Rac-WRC 轴促进双硫死亡。,False,False,,,0.0109028755502427,104687 PCx
Transcriptomic Prioritization of a Disulfidptosis-Like Transporter-Actin Stress Axis After Traumatic Brain Injury,Neurochemical Research,Chenxu Zhang and Mingyang Zhang,mingyangzhang@suda.edu.cn,GSE104687_human_brain_PCx_TBI_vs_Control,FLNA,0.0068701491693756,2.2466234606963,2.239753311526924,0.8904407247930991,21.0,25.0,0.9913025898209382,GSE104687,human,brain_region,PCx,remote/chronic history,history of TBI with LOC,,双硫死亡_肌动蛋白骨架靶蛋白,来自同文：葡萄糖饥饿下 SLC7A11-high 细胞的二硫键化肌动蛋白骨架蛋白。,False,False,,,0.0068701491693756,104687 PCx
Transcriptomic Prioritization of a Disulfidptosis-Like Transporter-Actin Stress Axis After Traumatic Brain Injury,Neurochemical Research,Chenxu Zhang and Mingyang Zhang,mingyangzhang@suda.edu.cn,GSE104687_human_brain_PCx_TBI_vs_Control,SLC3A2,0.0013007743175759,2.505008540892854,2.5037077665752787,0.960180503695252,21.0,25.0,0.9968962395303148,GSE104687,human,brain_region,PCx,remote/chronic history,history of TBI with LOC,,双硫死亡_核心转运与应激,来自用户提供的 2023 Nature Cell Biology 双硫死亡文章：SLC7A11/SLC3A2/RPN1/NCKAP1 为 CRISPR suppressor hits，Rac-WRC 轴促进双硫死亡。,False,False,,,0.0013007743175759,104687 PCx
Transcriptomic Prioritization of a Disulfidptosis-Like Transporter-Actin Stress Axis After Traumatic Brain Injury,Neurochemical Research,Chenxu Zhang and Mingyang Zhang,mingyangzhang@suda.edu.cn,GSE104687_human_brain_TCx_TBI_vs_Control,ACTB,0.0213345531269815,3.3075254229159463,3.286190869788965,0.0383186738232482,21.0,27.0,0.3974601538647991,GSE104687,human,brain_region,TCx,remote/chronic history,history of TBI with LOC,,双硫死亡_肌动蛋白骨架靶蛋白,来自同文：葡萄糖饥饿下 SLC7A11-high 细胞的二硫键化肌动蛋白骨架蛋白。,True,False,,,0.0213345531269815,104687 TCx
Transcriptomic Prioritization of a Disulfidptosis-Like Transporter-Actin Stress Axis After Traumatic Brain Injury,Neurochemical Research,Chenxu Zhang and Mingyang Zhang,mingyangzhang@suda.edu.cn,GSE104687_human_brain_TCx_TBI_vs_Control,MYH9,0.0213165542232336,2.4547926066310124,2.4334760524077788,0.2412108840570848,21.0,27.0,0.645600925991763,GSE104687,human,brain_region,TCx,remote/chronic history,history of TBI with LOC,,双硫死亡_肌动蛋白骨架靶蛋白,来自同文：葡萄糖饥饿下 SLC7A11-high 细胞的二硫键化肌动蛋白骨架蛋白。,False,False,,,0.0213165542232336,104687 TCx
Transcriptomic Prioritization of a Disulfidptosis-Like Transporter-Actin Stress Axis After Traumatic Brain Injury,Neurochemical Research,Chenxu Zhang and Mingyang Zhang,mingyangzhang@suda.edu.cn,GSE104687_human_brain_TCx_TBI_vs_Control,SLC3A2,0.0206063756943351,2.4909621838207903,2.470355808126455,0.3592102489300238,21.0,27.0,0.7361838523845634,GSE104687,human,brain_region,TCx,remote/chronic history,history of TBI with LOC,,双硫死亡_核心转运与应激,来自用户提供的 2023 Nature Cell Biology 双硫死亡文章：SLC7A11/SLC3A2/RPN1/NCKAP1 为 CRISPR suppressor hits，Rac-WRC 轴促进双硫死亡。,False,False,,,0.0206063756943351,104687 TCx
Transcriptomic Prioritization of a Disulfidptosis-Like Transporter-Actin Stress Axis After Traumatic Brain Injury,Neurochemical Research,Chenxu Zhang and Mingyang Zhang,mingyangzhang@suda.edu.cn,GSE104687_human_brain_TCx_TBI_vs_Control,SLC7A11,-0.0274183151887026,2.310671115059268,2.3380894302479707,0.386042969213582,21.0,27.0,0.7558885062588628,GSE104687,human,brain_region,TCx,remote/chronic history,history of TBI with LOC,,双硫死亡_核心转运与应激,来自用户提供的 2023 Nature Cell Biology 双硫死亡文章：SLC7A11/SLC3A2/RPN1/NCKAP1 为 CRISPR suppressor hits，Rac-WRC 轴促进双硫死亡。,False,False,,,-0.0274183151887026,104687 TCx
Transcriptomic Prioritization of a Disulfidptosis-Like Transporter-Actin Stress Axis After Traumatic Brain Injury,Neurochemical Research,Chenxu Zhang and Mingyang Zhang,mingyangzhang@suda.edu.cn,GSE104687_human_brain_TCx_TBI_vs_Control,MYL6,0.0094997456418224,2.9646743621833225,2.9551746165415,0.4415449627187893,21.0,27.0,0.7866155515150675,GSE104687,human,brain_region,TCx,remote/chronic history,history of TBI with LOC,,双硫死亡_肌动蛋白骨架靶蛋白,来自同文：葡萄糖饥饿下 SLC7A11-high 细胞的二硫键化肌动蛋白骨架蛋白。,False,False,,,0.0094997456418224,104687 TCx
Transcriptomic Prioritization of a Disulfidptosis-Like Transporter-Actin Stress Axis After Traumatic Brain Injury,Neurochemical Research,Chenxu Zhang and Mingyang Zhang,mingyangzhang@suda.edu.cn,GSE104687_human_brain_TCx_TBI_vs_Control,WASF2,-0.016245739715714,2.075632455189315,2.091878194905029,0.5695158841615964,21.0,27.0,0.8514885022374008,GSE104687,human,brain_region,TCx,remote/chronic history,history of TBI with LOC,,双硫死亡_核心转运与应激,来自用户提供的 2023 Nature Cell Biology 双硫死亡文章：SLC7A11/SLC3A2/RPN1/NCKAP1 为 CRISPR suppressor hits，Rac-WRC 轴促进双硫死亡。,False,False,,,-0.016245739715714,104687 TCx
Transcriptomic Prioritization of a Disulfidptosis-Like Transporter-Actin Stress Axis After Traumatic Brain Injury,Neurochemical Research,Chenxu Zhang and Mingyang Zhang,mingyangzhang@suda.edu.cn,GSE104687_human_brain_TCx_TBI_vs_Control,FLNA,-0.018907505439536,2.188371327678817,2.207278833118353,0.6888825815403106,21.0,27.0,0.8988654163004379,GSE104687,human,brain_region,TCx,remote/chronic history,history of TBI with LOC,,双硫死亡_肌动蛋白骨架靶蛋白,来自同文：葡萄糖饥饿下 SLC7A11-high 细胞的二硫键化肌动蛋白骨架蛋白。,False,False,,,-0.018907505439536,104687 TCx
Transcriptomic Prioritization of a Disulfidptosis-Like Transporter-Actin Stress Axis After Traumatic Brain Injury,Neurochemical Research,Chenxu Zhang and Mingyang Zhang,mingyangzhang@suda.edu.cn,GSE104687_human_brain_TCx_TBI_vs_Control,TLN1,-0.0010881789656362,2.280982575412396,2.282070754378032,0.9574406636103632,21.0,27.0,0.9882215432923735,GSE104687,human,brain_region,TCx,remote/chronic history,history of TBI with LOC,,双硫死亡_肌动蛋白骨架靶蛋白,来自同文：葡萄糖饥饿下 SLC7A11-high 细胞的二硫键化肌动蛋白骨架蛋白。,False,False,,,-0.0010881789656362,104687 TCx
Transcriptomic Prioritization of a Disulfidptosis-Like Transporter-Actin Stress Axis After Traumatic Brain Injury,Neurochemical Research,Chenxu Zhang and Mingyang Zhang,mingyangzhang@suda.edu.cn,GSE209552_human_acute_brain_severe_TBI_vs_Control,ACTB,1.1248157363518771,11.707196975848014,10.582381239496137,0.0143353295866494,4.0,3.0,0.7301501106874008,GSE209552,human,acute_global,"brain tissue, region not specified",acute,severe TBI,,双硫死亡_肌动蛋白骨架靶蛋白,来自同文：葡萄糖饥饿下 SLC7A11-high 细胞的二硫键化肌动蛋白骨架蛋白。,True,False,,,1.1248157363518771,GSE209552 human acute brain severe
Transcriptomic Prioritization of a Disulfidptosis-Like Transporter-Actin Stress Axis After Traumatic Brain Injury,Neurochemical Research,Chenxu Zhang and Mingyang Zhang,mingyangzhang@suda.edu.cn,GSE209552_human_acute_brain_severe_TBI_vs_Control,MYH9,1.5622747415048917,10.050398974105802,8.48812423260091,0.019491124565886,4.0,3.0,0.7301501106874008,GSE209552,human,acute_global,"brain tissue, region not specified",acute,severe TBI,,双硫死亡_肌动蛋白骨架靶蛋白,来自同文：葡萄糖饥饿下 SLC7A11-high 细胞的二硫键化肌动蛋白骨架蛋白。,True,False,,,1.5622747415048917,GSE209552 human acute brain severe
Transcriptomic Prioritization of a Disulfidptosis-Like Transporter-Actin Stress Axis After Traumatic Brain Injury,Neurochemical Research,Chenxu Zhang and Mingyang Zhang,mingyangzhang@suda.edu.cn,GSE209552_human_acute_brain_severe_TBI_vs_Control,MYL6,1.1372058111294985,7.827046139744056,6.689840328614557,0.0195825850527561,4.0,3.0,0.7301501106874008,GSE209552,human,acute_global,"brain tissue, region not specified",acute,severe TBI,,双硫死亡_肌动蛋白骨架靶蛋白,来自同文：葡萄糖饥饿下 SLC7A11-high 细胞的二硫键化肌动蛋白骨架蛋白。,True,False,,,1.1372058111294985,GSE209552 human acute brain severe
Transcriptomic Prioritization of a Disulfidptosis-Like Transporter-Actin Stress Axis After Traumatic Brain Injury,Neurochemical Research,Chenxu Zhang and Mingyang Zhang,mingyangzhang@suda.edu.cn,GSE209552_human_acute_brain_severe_TBI_vs_Control,FLNA,1.2981796580363856,9.026680305823408,7.728500647787023,0.0640155890568238,4.0,3.0,0.7301501106874008,GSE209552,human,acute_global,"brain tissue, region not specified",acute,severe TBI,,双硫死亡_肌动蛋白骨架靶蛋白,来自同文：葡萄糖饥饿下 SLC7A11-high 细胞的二硫键化肌动蛋白骨架蛋白。,False,False,,,1.2981796580363856,GSE209552 human acute brain severe
Transcriptomic Prioritization of a Disulfidptosis-Like Transporter-Actin Stress Axis After Traumatic Brain Injury,Neurochemical Research,Chenxu Zhang and Mingyang Zhang,mingyangzhang@suda.edu.cn,GSE209552_human_acute_brain_severe_TBI_vs_Control,TLN1,1.1737580154133935,8.42093637482365,7.247178359410257,0.0659116812965318,4.0,3.0,0.7301501106874008,GSE209552,human,acute_global,"brain tissue, region not specified",acute,severe TBI,,双硫死亡_肌动蛋白骨架靶蛋白,来自同文：葡萄糖饥饿下 SLC7A11-high 细胞的二硫键化肌动蛋白骨架蛋白。,False,False,,,1.1737580154133935,GSE209552 human acute brain severe
Transcriptomic Prioritization of a Disulfidptosis-Like Transporter-Actin Stress Axis After Traumatic Brain Injury,Neurochemical Research,Chenxu Zhang and Mingyang Zhang,mingyangzhang@suda.edu.cn,GSE209552_human_acute_brain_severe_TBI_vs_Control,SLC3A2,0.6077911488752639,6.541998518443292,5.934207369568028,0.1194760347460045,4.0,3.0,0.7301501106874008,GSE209552,human,acute_global,"brain tissue, region not specified",acute,severe TBI,,双硫死亡_核心转运与应激,来自用户提供的 2023 Nature Cell Biology 双硫死亡文章：SLC7A11/SLC3A2/RPN1/NCKAP1 为 CRISPR suppressor hits，Rac-WRC 轴促进双硫死亡。,False,False,,,0.6077911488752639,GSE209552 human acute brain severe
Transcriptomic Prioritization of a Disulfidptosis-Like Transporter-Actin Stress Axis After Traumatic Brain Injury,Neurochemical Research,Chenxu Zhang and Mingyang Zhang,mingyangzhang@suda.edu.cn,GSE209552_human_acute_brain_severe_TBI_vs_Control,WASF2,0.8579191421875532,6.72009803281537,5.862178890627817,0.1542959890537806,4.0,3.0,0.7301501106874008,GSE209552,human,acute_global,"brain tissue, region not specified",acute,severe TBI,,双硫死亡_核心转运与应激,来自用户提供的 2023 Nature Cell Biology 双硫死亡文章：SLC7A11/SLC3A2/RPN1/NCKAP1 为 CRISPR suppressor hits，Rac-WRC 轴促进双硫死亡。,False,False,,,0.8579191421875532,GSE209552 human acute brain severe
Transcriptomic Prioritization of a Disulfidptosis-Like Transporter-Actin Stress Axis After Traumatic Brain Injury,Neurochemical Research,Chenxu Zhang and Mingyang Zhang,mingyangzhang@suda.edu.cn,GSE209552_human_acute_brain_severe_TBI_vs_Control,SLC7A11,0.1303144242740677,6.701211509206166,6.570897084932098,0.7228743463817118,4.0,3.0,0.8878233699118223,GSE209552,human,acute_global,"brain tissue, region not specified",acute,severe TBI,,双硫死亡_核心转运与应激,来自用户提供的 2023 Nature Cell Biology 双硫死亡文章：SLC7A11/SLC3A2/RPN1/NCKAP1 为 CRISPR suppressor hits，Rac-WRC 轴促进双硫死亡。,False,False,,,0.1303144242740677,GSE209552 human acute brain severe
Transcriptomic Prioritization of a Disulfidptosis-Like Transporter-Actin Stress Axis After Traumatic Brain Injury,Neurochemical Research,Chenxu Zhang and Mingyang Zhang,mingyangzhang@suda.edu.cn,GSE319253_human_superior_frontal_cortex_CTE_vs_Control,SLC7A11,1.1306207878830152,6.965081104339821,5.834460316456806,0.00010102579114,6.0,6.0,0.1184110961656366,GSE319253,human,human_brain_region_CTE,superior frontal cortex,,,,双硫死亡_核心转运与应激,来自用户提供的 2023 Nature Cell Biology 双硫死亡文章：SLC7A11/SLC3A2/RPN1/NCKAP1 为 CRISPR suppressor hits，Rac-WRC 轴促进双硫死亡。,True,False,,,1.1306207878830152,319253 CTE vs Control
Transcriptomic Prioritization of a Disulfidptosis-Like Transporter-Actin Stress Axis After Traumatic Brain Injury,Neurochemical Research,Chenxu Zhang and Mingyang Zhang,mingyangzhang@suda.edu.cn,GSE319253_human_superior_frontal_cortex_CTE_vs_Control,ACTB,-0.5244398530869763,10.130547355576324,10.6549872086633,0.0116384569064424,6.0,6.0,0.2626530926331764,GSE319253,human,human_brain_region_CTE,superior frontal cortex,,,,双硫死亡_肌动蛋白骨架靶蛋白,来自同文：葡萄糖饥饿下 SLC7A11-high 细胞的二硫键化肌动蛋白骨架蛋白。,True,False,,,-0.5244398530869763,319253 CTE vs Control
Transcriptomic Prioritization of a Disulfidptosis-Like Transporter-Actin Stress Axis After Traumatic Brain Injury,Neurochemical Research,Chenxu Zhang and Mingyang Zhang,mingyangzhang@suda.edu.cn,GSE319253_human_superior_frontal_cortex_CTE_vs_Control,MYL6,-0.3059499171727706,6.507168841987873,6.813118759160644,0.0147326426038474,6.0,6.0,0.274672530801229,GSE319253,human,human_brain_region_CTE,superior frontal cortex,,,,双硫死亡_肌动蛋白骨架靶蛋白,来自同文：葡萄糖饥饿下 SLC7A11-high 细胞的二硫键化肌动蛋白骨架蛋白。,True,False,,,-0.3059499171727706,319253 CTE vs Control
Transcriptomic Prioritization of a Disulfidptosis-Like Transporter-Actin Stress Axis After Traumatic Brain Injury,Neurochemical Research,Chenxu Zhang and Mingyang Zhang,mingyangzhang@suda.edu.cn,GSE319253_human_superior_frontal_cortex_CTE_vs_Control,SLC3A2,0.3218847749734363,6.506657530526989,6.184772755553553,0.0546397819263603,6.0,6.0,0.3645031943302443,GSE319253,human,human_brain_region_CTE,superior frontal cortex,,,,双硫死亡_核心转运与应激,来自用户提供的 2023 Nature Cell Biology 双硫死亡文章：SLC7A11/SLC3A2/RPN1/NCKAP1 为 CRISPR suppressor hits，Rac-WRC 轴促进双硫死亡。,False,False,,,0.3218847749734363,319253 CTE vs Control
Transcriptomic Prioritization of a Disulfidptosis-Like Transporter-Actin Stress Axis After Traumatic Brain Injury,Neurochemical Research,Chenxu Zhang and Mingyang Zhang,mingyangzhang@suda.edu.cn,GSE319253_human_superior_frontal_cortex_CTE_vs_Control,FLNA,0.630554149405695,8.106302347692031,7.475748198286336,0.0841526350995085,6.0,6.0,0.4204842164861629,GSE319253,human,human_brain_region_CTE,superior frontal cortex,,,,双硫死亡_肌动蛋白骨架靶蛋白,来自同文：葡萄糖饥饿下 SLC7A11-high 细胞的二硫键化肌动蛋白骨架蛋白。,False,False,,,0.630554149405695,319253 CTE vs Control
Transcriptomic Prioritization of a Disulfidptosis-Like Transporter-Actin Stress Axis After Traumatic Brain Injury,Neurochemical Research,Chenxu Zhang and Mingyang Zhang,mingyangzhang@suda.edu.cn,GSE319253_human_superior_frontal_cortex_CTE_vs_Control,WASF2,0.4316581937613772,6.842662019457365,6.411003825695988,0.168177149023828,6.0,6.0,0.5348207902386792,GSE319253,human,human_brain_region_CTE,superior frontal cortex,,,,双硫死亡_核心转运与应激,来自用户提供的 2023 Nature Cell Biology 双硫死亡文章：SLC7A11/SLC3A2/RPN1/NCKAP1 为 CRISPR suppressor hits，Rac-WRC 轴促进双硫死亡。,False,False,,,0.4316581937613772,319253 CTE vs Control
Transcriptomic Prioritization of a Disulfidptosis-Like Transporter-Actin Stress Axis After Traumatic Brain Injury,Neurochemical Research,Chenxu Zhang and Mingyang Zhang,mingyangzhang@suda.edu.cn,GSE319253_human_superior_frontal_cortex_CTE_vs_Control,TLN1,0.396055232208294,8.06647800715168,7.670422774943386,0.174724244432613,6.0,6.0,0.5348207902386792,GSE319253,human,human_brain_region_CTE,superior frontal cortex,,,,双硫死亡_肌动蛋白骨架靶蛋白,来自同文：葡萄糖饥饿下 SLC7A11-high 细胞的二硫键化肌动蛋白骨架蛋白。,False,False,,,0.396055232208294,319253 CTE vs Control
Transcriptomic Prioritization of a Disulfidptosis-Like Transporter-Actin Stress Axis After Traumatic Brain Injury,Neurochemical Research,Chenxu Zhang and Mingyang Zhang,mingyangzhang@suda.edu.cn,GSE319253_human_superior_frontal_cortex_CTE_vs_Control,MYH9,0.1976661524307097,8.279316304597012,8.081650152166302,0.3916041263095433,6.0,6.0,0.6378428020069097,GSE319253,human,human_brain_region_CTE,superior frontal cortex,,,,双硫死亡_肌动蛋白骨架靶蛋白,来自同文：葡萄糖饥饿下 SLC7A11-high 细胞的二硫键化肌动蛋白骨架蛋白。,False,False,,,0.1976661524307097,319253 CTE vs Control
Transcriptomic Prioritization of a Disulfidptosis-Like Transporter-Actin Stress Axis After Traumatic Brain Injury,Neurochemical Research,Chenxu Zhang and Mingyang Zhang,mingyangzhang@suda.edu.cn,GSE193407_human_prefrontal_BA9_any_CTE_vs_stage0,SLC7A11,0.5753208300832888,5.431661147717652,4.856340317634363,0.0004174863305287,78.0,58.0,0.1119156051610122,GSE193407,human,human_brain_CTE_stage,prefrontal cortex BA9,,,,双硫死亡_核心转运与应激,来自用户提供的 2023 Nature Cell Biology 双硫死亡文章：SLC7A11/SLC3A2/RPN1/NCKAP1 为 CRISPR suppressor hits，Rac-WRC 轴促进双硫死亡。,True,False,,,0.5753208300832888,193407 any CTE vs stage0
Transcriptomic Prioritization of a Disulfidptosis-Like Transporter-Actin Stress Axis After Traumatic Brain Injury,Neurochemical Research,Chenxu Zhang and Mingyang Zhang,mingyangzhang@suda.edu.cn,GSE193407_human_prefrontal_BA9_any_CTE_vs_stage0,WASF2,0.355199236838442,6.226152946562785,5.870953709724343,0.0038406853604336,78.0,58.0,0.1529046042367902,GSE193407,human,human_brain_CTE_stage,prefrontal cortex BA9,,,,双硫死亡_核心转运与应激,来自用户提供的 2023 Nature Cell Biology 双硫死亡文章：SLC7A11/SLC3A2/RPN1/NCKAP1 为 CRISPR suppressor hits，Rac-WRC 轴促进双硫死亡。,True,False,,,0.355199236838442,193407 any CTE vs stage0
Transcriptomic Prioritization of a Disulfidptosis-Like Transporter-Actin Stress Axis After Traumatic Brain Injury,Neurochemical Research,Chenxu Zhang and Mingyang Zhang,mingyangzhang@suda.edu.cn,GSE193407_human_prefrontal_BA9_any_CTE_vs_stage0,SLC3A2,0.2555938872786498,6.74837504365208,6.49278115637343,0.0057273529439884,78.0,58.0,0.1743295353845354,GSE193407,human,human_brain_CTE_stage,prefrontal cortex BA9,,,,双硫死亡_核心转运与应激,来自用户提供的 2023 Nature Cell Biology 双硫死亡文章：SLC7A11/SLC3A2/RPN1/NCKAP1 为 CRISPR suppressor hits，Rac-WRC 轴促进双硫死亡。,True,False,,,0.2555938872786498,193407 any CTE vs stage0
Transcriptomic Prioritization of a Disulfidptosis-Like Transporter-Actin Stress Axis After Traumatic Brain Injury,Neurochemical Research,Chenxu Zhang and Mingyang Zhang,mingyangzhang@suda.edu.cn,GSE193407_human_prefrontal_BA9_any_CTE_vs_stage0,MYL6,0.109015766533445,7.664618318614334,7.555602552080889,0.0179223876819854,78.0,58.0,0.2775046775578111,GSE193407,human,human_brain_CTE_stage,prefrontal cortex BA9,,,,双硫死亡_肌动蛋白骨架靶蛋白,来自同文：葡萄糖饥饿下 SLC7A11-high 细胞的二硫键化肌动蛋白骨架蛋白。,True,False,,,0.109015766533445,193407 any CTE vs stage0
Transcriptomic Prioritization of a Disulfidptosis-Like Transporter-Actin Stress Axis After Traumatic Brain Injury,Neurochemical Research,Chenxu Zhang and Mingyang Zhang,mingyangzhang@suda.edu.cn,GSE193407_human_prefrontal_BA9_any_CTE_vs_stage0,TLN1,0.2103936835766466,7.079396871066981,6.869003187490335,0.0266412961372821,78.0,58.0,0.3280116115491353,GSE193407,human,human_brain_CTE_stage,prefrontal cortex BA9,,,,双硫死亡_肌动蛋白骨架靶蛋白,来自同文：葡萄糖饥饿下 SLC7A11-high 细胞的二硫键化肌动蛋白骨架蛋白。,True,False,,,0.2103936835766466,193407 any CTE vs stage0
Transcriptomic Prioritization of a Disulfidptosis-Like Transporter-Actin Stress Axis After Traumatic Brain Injury,Neurochemical Research,Chenxu Zhang and Mingyang Zhang,mingyangzhang@suda.edu.cn,GSE193407_human_prefrontal_BA9_any_CTE_vs_stage0,FLNA,0.1914648917795363,7.320374320760218,7.128909428980682,0.0275089969597459,78.0,58.0,0.3323652957324697,GSE193407,human,human_brain_CTE_stage,prefrontal cortex BA9,,,,双硫死亡_肌动蛋白骨架靶蛋白,来自同文：葡萄糖饥饿下 SLC7A11-high 细胞的二硫键化肌动蛋白骨架蛋白。,True,False,,,0.1914648917795363,193407 any CTE vs stage0
Transcriptomic Prioritization of a Disulfidptosis-Like Transporter-Actin Stress Axis After Traumatic Brain Injury,Neurochemical Research,Chenxu Zhang and Mingyang Zhang,mingyangzhang@suda.edu.cn,GSE193407_human_prefrontal_BA9_any_CTE_vs_stage0,MYH9,0.1153073086453879,7.487024433244763,7.371717124599375,0.077084736615641,78.0,58.0,0.5125720550872304,GSE193407,human,human_brain_CTE_stage,prefrontal cortex BA9,,,,双硫死亡_肌动蛋白骨架靶蛋白,来自同文：葡萄糖饥饿下 SLC7A11-high 细胞的二硫键化肌动蛋白骨架蛋白。,False,False,,,0.1153073086453879,193407 any CTE vs stage0
Transcriptomic Prioritization of a Disulfidptosis-Like Transporter-Actin Stress Axis After Traumatic Brain Injury,Neurochemical Research,Chenxu Zhang and Mingyang Zhang,mingyangzhang@suda.edu.cn,GSE193407_human_prefrontal_BA9_any_CTE_vs_stage0,ACTB,0.163949444391461,9.956681749883556,9.792732305492097,0.1507814142448148,78.0,58.0,0.6536252951211422,GSE193407,human,human_brain_CTE_stage,prefrontal cortex BA9,,,,双硫死亡_肌动蛋白骨架靶蛋白,来自同文：葡萄糖饥饿下 SLC7A11-high 细胞的二硫键化肌动蛋白骨架蛋白。,False,False,,,0.163949444391461,193407 any CTE vs stage0
Transcriptomic Prioritization of a Disulfidptosis-Like Transporter-Actin Stress Axis After Traumatic Brain Injury,Neurochemical Research,Chenxu Zhang and Mingyang Zhang,mingyangzhang@suda.edu.cn,GSE193407_human_prefrontal_BA9_late_CTE_stage3_4_vs_stage0,SLC7A11,0.6434950330922256,5.499835350726588,4.856340317634363,0.0001136060289637,61.0,58.0,0.0210469512850926,GSE193407,human,human_brain_CTE_stage,prefrontal cortex BA9,,,,双硫死亡_核心转运与应激,来自用户提供的 2023 Nature Cell Biology 双硫死亡文章：SLC7A11/SLC3A2/RPN1/NCKAP1 为 CRISPR suppressor hits，Rac-WRC 轴促进双硫死亡。,True,True,,,0.6434950330922256,193407 late CTE stage3 4 vs stage0
Transcriptomic Prioritization of a Disulfidptosis-Like Transporter-Actin Stress Axis After Traumatic Brain Injury,Neurochemical Research,Chenxu Zhang and Mingyang Zhang,mingyangzhang@suda.edu.cn,GSE193407_human_prefrontal_BA9_late_CTE_stage3_4_vs_stage0,WASF2,0.4674969352249993,6.338450644949343,5.870953709724343,0.0002512848361937,61.0,58.0,0.0254630672962917,GSE193407,human,human_brain_CTE_stage,prefrontal cortex BA9,,,,双硫死亡_核心转运与应激,来自用户提供的 2023 Nature Cell Biology 双硫死亡文章：SLC7A11/SLC3A2/RPN1/NCKAP1 为 CRISPR suppressor hits，Rac-WRC 轴促进双硫死亡。,True,True,,,0.4674969352249993,193407 late CTE stage3 4 vs stage0
Transcriptomic Prioritization of a Disulfidptosis-Like Transporter-Actin Stress Axis After Traumatic Brain Injury,Neurochemical Research,Chenxu Zhang and Mingyang Zhang,mingyangzhang@suda.edu.cn,GSE193407_human_prefrontal_BA9_late_CTE_stage3_4_vs_stage0,SLC3A2,0.3352314629797686,6.828012619353198,6.49278115637343,0.0005030500360005,61.0,58.0,0.0319254003816117,GSE193407,human,human_brain_CTE_stage,prefrontal cortex BA9,,,,双硫死亡_核心转运与应激,来自用户提供的 2023 Nature Cell Biology 双硫死亡文章：SLC7A11/SLC3A2/RPN1/NCKAP1 为 CRISPR suppressor hits，Rac-WRC 轴促进双硫死亡。,True,True,,,0.3352314629797686,193407 late CTE stage3 4 vs stage0
Transcriptomic Prioritization of a Disulfidptosis-Like Transporter-Actin Stress Axis After Traumatic Brain Injury,Neurochemical Research,Chenxu Zhang and Mingyang Zhang,mingyangzhang@suda.edu.cn,GSE193407_human_prefrontal_BA9_late_CTE_stage3_4_vs_stage0,TLN1,0.2874227748874842,7.156425962377819,6.869003187490335,0.0030760922847701,61.0,58.0,0.0787969393784497,GSE193407,human,human_brain_CTE_stage,prefrontal cortex BA9,,,,双硫死亡_肌动蛋白骨架靶蛋白,来自同文：葡萄糖饥饿下 SLC7A11-high 细胞的二硫键化肌动蛋白骨架蛋白。,True,False,,,0.2874227748874842,193407 late CTE stage3 4 vs stage0
Transcriptomic Prioritization of a Disulfidptosis-Like Transporter-Actin Stress Axis After Traumatic Brain Injury,Neurochemical Research,Chenxu Zhang and Mingyang Zhang,mingyangzhang@suda.edu.cn,GSE193407_human_prefrontal_BA9_late_CTE_stage3_4_vs_stage0,MYL6,0.1169721390823239,7.672574691163213,7.555602552080889,0.0193601165496055,61.0,58.0,0.2257124652662799,GSE193407,human,human_brain_CTE_stage,prefrontal cortex BA9,,,,双硫死亡_肌动蛋白骨架靶蛋白,来自同文：葡萄糖饥饿下 SLC7A11-high 细胞的二硫键化肌动蛋白骨架蛋白。,True,False,,,0.1169721390823239,193407 late CTE stage3 4 vs stage0
Transcriptomic Prioritization of a Disulfidptosis-Like Transporter-Actin Stress Axis After Traumatic Brain Injury,Neurochemical Research,Chenxu Zhang and Mingyang Zhang,mingyangzhang@suda.edu.cn,GSE193407_human_prefrontal_BA9_late_CTE_stage3_4_vs_stage0,FLNA,0.2165109254910513,7.345420354471734,7.128909428980682,0.0215849874638,61.0,58.0,0.237060032978178,GSE193407,human,human_brain_CTE_stage,prefrontal cortex BA9,,,,双硫死亡_肌动蛋白骨架靶蛋白,来自同文：葡萄糖饥饿下 SLC7A11-high 细胞的二硫键化肌动蛋白骨架蛋白。,True,False,,,0.2165109254910513,193407 late CTE stage3 4 vs stage0
Transcriptomic Prioritization of a Disulfidptosis-Like Transporter-Actin Stress Axis After Traumatic Brain Injury,Neurochemical Research,Chenxu Zhang and Mingyang Zhang,mingyangzhang@suda.edu.cn,GSE193407_human_prefrontal_BA9_late_CTE_stage3_4_vs_stage0,MYH9,0.1344274080982979,7.506144532697673,7.371717124599375,0.0538274386780069,61.0,58.0,0.3699260536564028,GSE193407,human,human_brain_CTE_stage,prefrontal cortex BA9,,,,双硫死亡_肌动蛋白骨架靶蛋白,来自同文：葡萄糖饥饿下 SLC7A11-high 细胞的二硫键化肌动蛋白骨架蛋白。,False,False,,,0.1344274080982979,193407 late CTE stage3 4 vs stage0
Transcriptomic Prioritization of a Disulfidptosis-Like Transporter-Actin Stress Axis After Traumatic Brain Injury,Neurochemical Research,Chenxu Zhang and Mingyang Zhang,mingyangzhang@suda.edu.cn,GSE193407_human_prefrontal_BA9_late_CTE_stage3_4_vs_stage0,ACTB,0.1144331339142628,9.907165439406358,9.792732305492097,0.349986448552519,61.0,58.0,0.6552019647633365,GSE193407,human,human_brain_CTE_stage,prefrontal cortex BA9,,,,双硫死亡_肌动蛋白骨架靶蛋白,来自同文：葡萄糖饥饿下 SLC7A11-high 细胞的二硫键化肌动蛋白骨架蛋白。,False,False,,,0.1144331339142628,193407 late CTE stage3 4 vs stage0
Transcriptomic Prioritization of a Disulfidptosis-Like Transporter-Actin Stress Axis After Traumatic Brain Injury,Neurochemical Research,Chenxu Zhang and Mingyang Zhang,mingyangzhang@suda.edu.cn,GSE193407_human_prefrontal_BA9_CTE_stage_trend,WASF2,,,,1.667946924432124e-05,,,0.0045433953543895,GSE193407,human,human_brain_CTE_stage_trend,prefrontal cortex BA9,,,,双硫死亡_核心转运与应激,来自用户提供的 2023 Nature Cell Biology 双硫死亡文章：SLC7A11/SLC3A2/RPN1/NCKAP1 为 CRISPR suppressor hits，Rac-WRC 轴促进双硫死亡。,True,True,0.3600376064078507,136.0,0.3600376064078507,193407 CTE stage trend
Transcriptomic Prioritization of a Disulfidptosis-Like Transporter-Actin Stress Axis After Traumatic Brain Injury,Neurochemical Research,Chenxu Zhang and Mingyang Zhang,mingyangzhang@suda.edu.cn,GSE193407_human_prefrontal_BA9_CTE_stage_trend,SLC7A11,,,,3.810390510519817e-05,,,0.0052951584083268,GSE193407,human,human_brain_CTE_stage_trend,prefrontal cortex BA9,,,,双硫死亡_核心转运与应激,来自用户提供的 2023 Nature Cell Biology 双硫死亡文章：SLC7A11/SLC3A2/RPN1/NCKAP1 为 CRISPR suppressor hits，Rac-WRC 轴促进双硫死亡。,True,True,0.3454286701488773,136.0,0.3454286701488773,193407 CTE stage trend
Transcriptomic Prioritization of a Disulfidptosis-Like Transporter-Actin Stress Axis After Traumatic Brain Injury,Neurochemical Research,Chenxu Zhang and Mingyang Zhang,mingyangzhang@suda.edu.cn,GSE193407_human_prefrontal_BA9_CTE_stage_trend,SLC3A2,,,,0.0001926115994171,,,0.0104178728641027,GSE193407,human,human_brain_CTE_stage_trend,prefrontal cortex BA9,,,,双硫死亡_核心转运与应激,来自用户提供的 2023 Nature Cell Biology 双硫死亡文章：SLC7A11/SLC3A2/RPN1/NCKAP1 为 CRISPR suppressor hits，Rac-WRC 轴促进双硫死亡。,True,True,0.3144698768150457,136.0,0.3144698768150457,193407 CTE stage trend
Transcriptomic Prioritization of a Disulfidptosis-Like Transporter-Actin Stress Axis After Traumatic Brain Injury,Neurochemical Research,Chenxu Zhang and Mingyang Zhang,mingyangzhang@suda.edu.cn,GSE193407_human_prefrontal_BA9_CTE_stage_trend,TLN1,,,,0.0004153516408524,,,0.0155545072380141,GSE193407,human,human_brain_CTE_stage_trend,prefrontal cortex BA9,,,,双硫死亡_肌动蛋白骨架靶蛋白,来自同文：葡萄糖饥饿下 SLC7A11-high 细胞的二硫键化肌动蛋白骨架蛋白。,True,True,0.298529109987537,136.0,0.298529109987537,193407 CTE stage trend
Transcriptomic Prioritization of a Disulfidptosis-Like Transporter-Actin Stress Axis After Traumatic Brain Injury,Neurochemical Research,Chenxu Zhang and Mingyang Zhang,mingyangzhang@suda.edu.cn,GSE193407_human_prefrontal_BA9_CTE_stage_trend,FLNA,,,,0.0051116334069062,,,0.0758246913034087,GSE193407,human,human_brain_CTE_stage_trend,prefrontal cortex BA9,,,,双硫死亡_肌动蛋白骨架靶蛋白,来自同文：葡萄糖饥饿下 SLC7A11-high 细胞的二硫键化肌动蛋白骨架蛋白。,True,False,0.238810844001477,136.0,0.238810844001477,193407 CTE stage trend
Transcriptomic Prioritization of a Disulfidptosis-Like Transporter-Actin Stress Axis After Traumatic Brain Injury,Neurochemical Research,Chenxu Zhang and Mingyang Zhang,mingyangzhang@suda.edu.cn,GSE193407_human_prefrontal_BA9_CTE_stage_trend,MYL6,,,,0.0075355085134253,,,0.0972851454008816,GSE193407,human,human_brain_CTE_stage_trend,prefrontal cortex BA9,,,,双硫死亡_肌动蛋白骨架靶蛋白,来自同文：葡萄糖饥饿下 SLC7A11-high 细胞的二硫键化肌动蛋白骨架蛋白。,True,False,0.2282139871256923,136.0,0.2282139871256923,193407 CTE stage trend
Transcriptomic Prioritization of a Disulfidptosis-Like Transporter-Actin Stress Axis After Traumatic Brain Injury,Neurochemical Research,Chenxu Zhang and Mingyang Zhang,mingyangzhang@suda.edu.cn,GSE193407_human_prefrontal_BA9_CTE_stage_trend,MYH9,,,,0.0188706218888378,,,0.1707852625047632,GSE193407,human,human_brain_CTE_stage_trend,prefrontal cortex BA9,,,,双硫死亡_肌动蛋白骨架靶蛋白,来自同文：葡萄糖饥饿下 SLC7A11-high 细胞的二硫键化肌动蛋白骨架蛋白。,True,False,0.2011401970102822,136.0,0.2011401970102822,193407 CTE stage trend
Transcriptomic Prioritization of a Disulfidptosis-Like Transporter-Actin Stress Axis After Traumatic Brain Injury,Neurochemical Research,Chenxu Zhang and Mingyang Zhang,mingyangzhang@suda.edu.cn,GSE193407_human_prefrontal_BA9_CTE_stage_trend,ACTB,,,,0.4206850729321389,,,0.7098271462516637,GSE193407,human,human_brain_CTE_stage_trend,prefrontal cortex BA9,,,,双硫死亡_肌动蛋白骨架靶蛋白,来自同文：葡萄糖饥饿下 SLC7A11-high 细胞的二硫键化肌动蛋白骨架蛋白。,False,False,0.0696068717083217,136.0,0.0696068717083217,193407 CTE stage trend
